id,first_name,last_name,email,gender,country
1,Creighton,Bains,cbains0@smugmug.com,Male,China
2,Gladi,Worledge,gworledge1@t.co,Female,Senegal
3,Rosemaria,Jervoise,rjervoise2@pagesperso-orange.fr,Female,Guatemala
4,Wittie,Gimber,wgimber3@purevolume.com,Male,China
5,Avery,Hallowes,ahallowes4@feedburner.com,Male,Indonesia
6,Ashli,Coultous,acoultous5@amazon.com,Female,China
7,Uriah,Blyden,ublyden6@is.gd,Male,Cuba
8,Janene,Fell,jfell7@howstuffworks.com,Female,China
9,Andriette,Bergeon,abergeon8@phoca.cz,Female,Albania
10,Tish,Brunn,tbrunn9@spiegel.de,Female,Sweden
11,Arri,Cloughton,acloughtona@gmpg.org,Male,Indonesia
12,Nikos,Dugald,ndugaldb@oaic.gov.au,Male,Mexico
13,Latisha,Edinburgh,ledinburghc@slashdot.org,Female,Costa Rica
14,Rurik,Kynan,rkynand@columbia.edu,Male,Latvia
15,Guinevere,Skedgell,gskedgelle@miitbeian.gov.cn,Female,Japan
16,Terrill,Turbefield,tturbefieldf@sbwire.com,Male,China
17,Engelbert,Sans,esansg@wiley.com,Male,Kosovo
18,Royce,Dionisii,rdionisiih@diigo.com,Male,China
19,Lindsay,Justis,ljustisi@amazonaws.com,Non-binary,Indonesia
20,Clint,Heamus,cheamusj@privacy.gov.au,Male,Russia
21,Preston,Brett,pbrettk@sbwire.com,Male,Democratic Republic of the Congo
22,Bartlett,Courtois,bcourtoisl@geocities.jp,Male,France
23,Gabbie,Torrese,gtorresem@4shared.com,Male,Liberia
24,Glynn,Kliesl,gkliesln@mapy.cz,Male,Indonesia
25,Kristofer,Romei,kromeio@slate.com,Male,China
26,Roslyn,Rosenschein,rrosenscheinp@cornell.edu,Female,Philippines
27,Delmer,Swinley,dswinleyq@globo.com,Male,Indonesia
28,Randene,Samuels,rsamuelsr@addthis.com,Female,China
29,Magdalena,Rouzet,mrouzets@washington.edu,Agender,Russia
30,Gunner,Kempe,gkempet@redcross.org,Male,Sweden
31,Daisey,Mulholland,dmulhollandu@dedecms.com,Female,Indonesia
32,Brittney,Ardern,bardernv@bing.com,Agender,Poland
33,Giffie,Purse,gpursew@newyorker.com,Male,China
34,Cristobal,Karpmann,ckarpmannx@shareasale.com,Male,China
35,Demetra,O'Kinedy,dokinedyy@businessinsider.com,Female,France
36,Ignazio,Thireau,ithireauz@addtoany.com,Male,Brazil
37,Preston,Brideaux,pbrideaux10@1und1.de,Male,Finland
38,Bryna,Moth,bmoth11@sitemeter.com,Female,Greece
39,Noland,Roocroft,nroocroft12@homestead.com,Male,Poland
40,Reinwald,Ellin,rellin13@51.la,Genderqueer,France
41,Elsbeth,McReidy,emcreidy14@howstuffworks.com,Female,Indonesia
42,Alberik,Rieme,arieme15@i2i.jp,Genderqueer,East Timor
43,Mathe,Cardero,mcardero16@macromedia.com,Male,Nicaragua
44,Gaylord,Bohlsen,gbohlsen17@gizmodo.com,Male,South Sudan
45,Patrica,Hartles,phartles18@nyu.edu,Female,China
46,Rice,Kynd,rkynd19@trellian.com,Non-binary,China
47,Griffie,Mair,gmair1a@irs.gov,Male,China
48,Farley,Feltham,ffeltham1b@homestead.com,Male,Indonesia
49,Burg,Shwalbe,bshwalbe1c@cnn.com,Male,France
50,Merwin,Barkus,mbarkus1d@usda.gov,Male,Burundi
51,Fidelia,Aiskrigg,faiskrigg1e@yelp.com,Female,France
52,Kurtis,Boulds,kboulds1f@g.co,Male,Italy
53,Jeremie,Braunter,jbraunter1g@vinaora.com,Male,Israel
54,Roley,Grundwater,rgrundwater1h@whitehouse.gov,Male,Ukraine
55,Don,Giacomozzo,dgiacomozzo1i@xing.com,Male,Indonesia
56,Garth,Digby,gdigby1j@free.fr,Male,Indonesia
57,Amabelle,Warbeys,awarbeys1k@godaddy.com,Female,Israel
58,Wolfie,Bottelstone,wbottelstone1l@washingtonpost.com,Male,China
59,Curtice,Rosenblum,crosenblum1m@ocn.ne.jp,Male,Philippines
60,Shayne,Callister,scallister1n@nba.com,Male,Kyrgyzstan
61,Cristine,Conradie,cconradie1o@technorati.com,Female,Russia
62,Penny,Dregan,pdregan1p@stumbleupon.com,Female,China
63,Herc,Bath,hbath1q@imdb.com,Male,Paraguay
64,Kiele,Nottingham,knottingham1r@cnet.com,Female,Philippines
65,Cad,Gilliver,cgilliver1s@shinystat.com,Male,Russia
66,Caresa,Borland,cborland1t@unc.edu,Female,China
67,Gene,Thornewill,gthornewill1u@gravatar.com,Male,Sudan
68,Benn,Verrell,bverrell1v@theatlantic.com,Male,United States
69,Othello,Fredi,ofredi1w@163.com,Male,Iran
70,Justina,Atchly,jatchly1x@yale.edu,Female,France
71,Adrea,Deeny,adeeny1y@github.com,Female,Philippines
72,Barnabas,MacCafferky,bmaccafferky1z@ameblo.jp,Male,Russia
73,Franciskus,Lambersen,flambersen20@discovery.com,Male,Russia
74,Claudianus,Epine,cepine21@furl.net,Male,Israel
75,Ingamar,Pechold,ipechold22@shutterfly.com,Male,Mexico
76,Conni,Deverall,cdeverall23@adobe.com,Genderqueer,South Africa
77,Joline,Danes,jdanes24@clickbank.net,Female,South Africa
78,Becky,Nye,bnye25@deliciousdays.com,Female,Greece
79,Oswald,Grishelyov,ogrishelyov26@abc.net.au,Male,Portugal
80,Sonny,Hawkshaw,shawkshaw27@webeden.co.uk,Polygender,Norway
81,Thatcher,Probbin,tprobbin28@virginia.edu,Polygender,China
82,Tiler,Tinwell,ttinwell29@t-online.de,Male,Cyprus
83,Antoinette,Dumini,adumini2a@dagondesign.com,Female,Russia
84,Weidar,Eble,weble2b@sun.com,Male,China
85,Rosy,Pirkis,rpirkis2c@newyorker.com,Female,Mongolia
86,Beverlie,Whiteford,bwhiteford2d@vimeo.com,Non-binary,Cyprus
87,Lelia,Arsey,larsey2e@cnet.com,Female,Paraguay
88,Keefer,Jessope,kjessope2f@istockphoto.com,Male,Poland
89,Buddy,Ewells,bewells2g@friendfeed.com,Male,Russia
90,Wynn,Cash,wcash2h@paginegialle.it,Female,China
91,Charissa,Jodrelle,cjodrelle2i@gov.uk,Female,Cyprus
92,Miguelita,Kordt,mkordt2j@shinystat.com,Female,Nigeria
93,Guido,Fantham,gfantham2k@ning.com,Male,Sweden
94,Hy,Arnould,harnould2l@nymag.com,Agender,Portugal
95,Kissee,Colclough,kcolclough2m@mlb.com,Female,Bolivia
96,Crichton,Paxforde,cpaxforde2n@reddit.com,Polygender,Ukraine
97,Harriot,Wallhead,hwallhead2o@chronoengine.com,Female,China
98,Elliot,Spurrett,espurrett2p@businesswire.com,Male,Brazil
99,Fayette,Fobidge,ffobidge2q@imgur.com,Female,China
100,Jewelle,Cashley,jcashley2r@hubpages.com,Female,Russia
101,Alvie,Brame,abrame2s@cnbc.com,Male,Paraguay
102,Benjamen,Helleckas,bhelleckas2t@upenn.edu,Male,Armenia
103,Marcille,Portriss,mportriss2u@eepurl.com,Female,Sweden
104,Leonora,Holah,lholah2v@soup.io,Female,Tunisia
105,Win,McCullen,wmccullen2w@usnews.com,Male,Russia
106,Ricca,Levings,rlevings2x@japanpost.jp,Female,Montserrat
107,Ilyssa,Bachs,ibachs2y@java.com,Female,Honduras
108,Rubi,Cockrem,rcockrem2z@amazon.de,Female,El Salvador
109,Adamo,Strete,astrete30@usatoday.com,Male,China
110,Horst,Aspinall,haspinall31@baidu.com,Male,Brazil
111,Ollie,Kettles,okettles32@springer.com,Male,Egypt
112,Garrott,Shaplin,gshaplin33@whitehouse.gov,Male,Armenia
113,Redd,Witherup,rwitherup34@bbc.co.uk,Male,China
114,Dionisio,de Voiels,ddevoiels35@marketwatch.com,Genderfluid,Russia
115,Carri,Camfield,ccamfield36@hao123.com,Female,Russia
116,Mel,Brownlee,mbrownlee37@sciencedirect.com,Male,Palestinian Territory
117,Lanita,Jeppe,ljeppe38@hugedomains.com,Bigender,Iraq
118,Fayth,Steer,fsteer39@360.cn,Genderfluid,China
119,Gabriele,Anster,ganster3a@princeton.edu,Male,Indonesia
120,Halli,Murrhaupt,hmurrhaupt3b@msu.edu,Female,Poland
121,Neel,Tremellier,ntremellier3c@sciencedirect.com,Male,Ukraine
122,Staford,McCotter,smccotter3d@google.com.au,Male,Russia
123,Brannon,Corthes,bcorthes3e@sfgate.com,Male,Poland
124,Carolin,Jarrold,cjarrold3f@wordpress.org,Female,China
125,Mayer,D'Ambrosio,mdambrosio3g@dmoz.org,Male,China
126,Normie,Travis,ntravis3h@networksolutions.com,Male,Nigeria
127,Cathy,Kowalski,ckowalski3i@simplemachines.org,Female,Afghanistan
128,Willy,Martusewicz,wmartusewicz3j@elpais.com,Female,China
129,Silvan,Kippen,skippen3k@vinaora.com,Male,South Africa
130,Aubrey,Linke,alinke3l@mapquest.com,Female,Czech Republic
131,Jacenta,Librey,jlibrey3m@wikispaces.com,Female,China
132,Jasper,Evenett,jevenett3n@yelp.com,Agender,Indonesia
133,Wynne,Lightbown,wlightbown3o@sohu.com,Female,Philippines
134,Jehanna,Kilalea,jkilalea3p@yahoo.com,Polygender,Brazil
135,Rodie,Bancroft,rbancroft3q@harvard.edu,Female,Portugal
136,Lyndsey,Elsop,lelsop3r@g.co,Female,United States
137,Andrew,MacCorley,amaccorley3s@google.fr,Male,Armenia
138,Jens,Feuell,jfeuell3t@yellowpages.com,Male,Ukraine
139,Shurlock,Howgego,showgego3u@cdbaby.com,Genderfluid,Indonesia
140,Alberik,Pydcock,apydcock3v@myspace.com,Male,Czech Republic
141,Brendon,Chaplain,bchaplain3w@phoca.cz,Male,United States
142,Cyndie,Thexton,cthexton3x@epa.gov,Non-binary,Brazil
143,Cyrus,Crossby,ccrossby3y@skyrock.com,Male,China
144,Alfredo,Boyne,aboyne3z@vk.com,Bigender,China
145,Allyn,Wornum,awornum40@icio.us,Male,Czech Republic
146,Mirilla,Morgue,mmorgue41@engadget.com,Female,Indonesia
147,Durward,Sacaze,dsacaze42@omniture.com,Male,Philippines
148,Barry,Binnall,bbinnall43@hhs.gov,Female,United States
149,Sascha,Colwill,scolwill44@smugmug.com,Male,Nigeria
150,Paulita,Meininger,pmeininger45@mysql.com,Genderfluid,China
151,Carmel,Guitel,cguitel46@merriam-webster.com,Female,Ecuador
152,Amanda,Maffeo,amaffeo47@storify.com,Female,China
153,Shayna,Dello,sdello48@ow.ly,Female,Canada
154,Andrej,Golbourn,agolbourn49@microsoft.com,Male,China
155,Hagen,Upfold,hupfold4a@youtu.be,Male,Indonesia
156,Lulita,Liddyard,lliddyard4b@bloglines.com,Female,Mali
157,Haleigh,Simmonds,hsimmonds4c@google.it,Female,Ethiopia
158,Jacqui,Bartleet,jbartleet4d@nsw.gov.au,Female,Indonesia
159,Nickolai,Petasch,npetasch4e@plala.or.jp,Male,Philippines
160,Oriana,MacCaull,omaccaull4f@archive.org,Female,Poland
161,Fran,Gilvear,fgilvear4g@over-blog.com,Male,Nicaragua
162,Anetta,Garoghan,agaroghan4h@youtu.be,Female,Poland
163,Kimberlyn,Tibols,ktibols4i@ning.com,Female,Uganda
164,Dione,Hobbert,dhobbert4j@cbsnews.com,Female,China
165,Ralph,Bettington,rbettington4k@quantcast.com,Polygender,Brazil
166,Lothaire,Bottomore,lbottomore4l@wsj.com,Male,Indonesia
167,Hart,Shimon,hshimon4m@squidoo.com,Male,Indonesia
168,Cleopatra,Yanez,cyanez4n@cam.ac.uk,Female,Indonesia
169,Tedman,Corp,tcorp4o@xrea.com,Male,Philippines
170,Ambros,Leel,aleel4p@linkedin.com,Male,China
171,Krispin,Pepler,kpepler4q@census.gov,Male,Brazil
172,Gwenni,Lorenzini,glorenzini4r@house.gov,Female,Norway
173,Kale,MacGuigan,kmacguigan4s@umn.edu,Male,China
174,Rafaellle,Ruxton,rruxton4t@arizona.edu,Male,Peru
175,Elladine,Fernandez,efernandez4u@smh.com.au,Female,Mexico
176,Thibaut,Sherman,tsherman4v@w3.org,Male,Ukraine
177,Coralyn,Knappen,cknappen4w@shinystat.com,Female,China
178,Merrick,Yellowlees,myellowlees4x@rediff.com,Male,Guyana
179,Hermia,Humphery,hhumphery4y@flavors.me,Non-binary,Japan
180,Brenden,Santo,bsanto4z@un.org,Genderfluid,Indonesia
181,Katti,Hedde,khedde50@reuters.com,Female,Belarus
182,Barty,Liffe,bliffe51@army.mil,Male,France
183,Hube,Ingamells,hingamells52@apple.com,Male,Czech Republic
184,Akim,De Fries,adefries53@vk.com,Male,Libya
185,Yorke,Ealam,yealam54@hugedomains.com,Genderqueer,South Africa
186,Bailey,Stribbling,bstribbling55@wiley.com,Male,Portugal
187,Carmelina,Hadlington,chadlington56@fotki.com,Female,Czech Republic
188,Frederic,Zupo,fzupo57@lycos.com,Male,South Korea
189,Hamilton,Beddon,hbeddon58@hexun.com,Male,Poland
190,Gun,Miguel,gmiguel59@clickbank.net,Male,Jordan
191,Illa,Yokley,iyokley5a@reddit.com,Female,Portugal
192,Doretta,Gilliatt,dgilliatt5b@posterous.com,Agender,Mexico
193,Nathanial,Sidebotham,nsidebotham5c@xing.com,Male,Indonesia
194,Teresita,Gainsboro,tgainsboro5d@japanpost.jp,Female,Brazil
195,Arabela,Clitherow,aclitherow5e@fotki.com,Female,Sweden
196,Erv,Mogra,emogra5f@weather.com,Male,Indonesia
197,Antoinette,Phipp,aphipp5g@networksolutions.com,Female,Thailand
198,Annabell,Husher,ahusher5h@timesonline.co.uk,Female,Russia
199,Sibley,Nestor,snestor5i@sogou.com,Female,Thailand
200,Richmond,McMakin,rmcmakin5j@blogger.com,Male,China
201,Jan,Lidgey,jlidgey5k@un.org,Female,Italy
202,Enriqueta,Klain,eklain5l@list-manage.com,Female,Philippines
203,Salem,Crasswell,scrasswell5m@storify.com,Male,Indonesia
204,Tobiah,Di Ruggiero,tdiruggiero5n@statcounter.com,Male,Philippines
205,Pate,Turfes,pturfes5o@blogger.com,Male,Spain
206,Phylis,Gerber,pgerber5p@plala.or.jp,Female,Colombia
207,Birgit,Boxen,bboxen5q@army.mil,Female,Indonesia
208,Standford,Phillippo,sphillippo5r@alibaba.com,Male,Serbia
209,Burgess,Galero,bgalero5s@shinystat.com,Male,China
210,Blinnie,Gosdin,bgosdin5t@topsy.com,Female,Costa Rica
211,Bertine,Brosnan,bbrosnan5u@youtube.com,Female,China
212,Jilly,Szubert,jszubert5v@sitemeter.com,Genderqueer,France
213,Farrel,Moylan,fmoylan5w@ycombinator.com,Male,China
214,Hillary,Maccrie,hmaccrie5x@bloglovin.com,Male,Indonesia
215,Dinny,Perrins,dperrins5y@sakura.ne.jp,Female,China
216,Faun,Welldrake,fwelldrake5z@yale.edu,Female,China
217,Rhodie,Savine,rsavine60@freewebs.com,Female,Israel
218,Faythe,Degg,fdegg61@abc.net.au,Female,China
219,Marcia,Smithies,msmithies62@drupal.org,Female,United States
220,Estella,Avramovitz,eavramovitz63@devhub.com,Female,China
221,Reina,Coggell,rcoggell64@tumblr.com,Female,Philippines
222,Fields,Quarrell,fquarrell65@nih.gov,Male,Indonesia
223,Caddric,Willsmore,cwillsmore66@columbia.edu,Male,Yemen
224,Hillard,Chess,hchess67@hibu.com,Male,China
225,Alaster,Ogers,aogers68@usgs.gov,Male,Poland
226,Lindie,Whitman,lwhitman69@sbwire.com,Genderqueer,Russia
227,Josephina,Blasgen,jblasgen6a@cpanel.net,Non-binary,Portugal
228,Erin,Hanhard,ehanhard6b@tumblr.com,Male,Brazil
229,Win,Mugford,wmugford6c@sina.com.cn,Male,Indonesia
230,Janetta,Serchwell,jserchwell6d@jimdo.com,Female,China
231,Audy,Rissen,arissen6e@constantcontact.com,Female,China
232,Nick,Melchior,nmelchior6f@sakura.ne.jp,Male,Portugal
233,Electra,Lecount,elecount6g@blog.com,Female,Poland
234,Mauricio,Piell,mpiell6h@typepad.com,Genderfluid,China
235,Gunner,Benet,gbenet6i@1688.com,Male,Trinidad and Tobago
236,Erich,Housecroft,ehousecroft6j@sun.com,Male,Poland
237,Gerri,Braddon,gbraddon6k@scribd.com,Female,Greece
238,Yardley,Shattock,yshattock6l@pcworld.com,Male,Kenya
239,Anabal,Chaffin,achaffin6m@a8.net,Female,Tonga
240,Blair,Maruska,bmaruska6n@loc.gov,Bigender,Philippines
241,Eb,Tellenbroker,etellenbroker6o@nifty.com,Non-binary,France
242,Redford,Danne,rdanne6p@deliciousdays.com,Male,Tunisia
243,Guy,Jumonet,gjumonet6q@elegantthemes.com,Male,China
244,Lillian,Savile,lsavile6r@google.nl,Female,Indonesia
245,Amitie,Breadon,abreadon6s@blogs.com,Female,Russia
246,Mireille,Blissitt,mblissitt6t@ning.com,Female,Peru
247,Nelli,Heustice,nheustice6u@freewebs.com,Female,Sweden
248,Syd,Skaid,sskaid6v@slate.com,Male,Bulgaria
249,Mickie,Mogridge,mmogridge6w@nps.gov,Male,Indonesia
250,Giulio,Petrenko,gpetrenko6x@artisteer.com,Non-binary,Argentina
251,Pandora,Keslake,pkeslake6y@reuters.com,Female,China
252,Maighdiln,Brevitt,mbrevitt6z@merriam-webster.com,Female,Brazil
253,Heindrick,Paoloni,hpaoloni70@sina.com.cn,Male,Brazil
254,Adrian,Tappin,atappin71@nsw.gov.au,Female,China
255,Rey,Cothey,rcothey72@auda.org.au,Female,Brazil
256,Tine,Pohling,tpohling73@wp.com,Female,Colombia
257,Vassili,Pegram,vpegram74@yale.edu,Male,Russia
258,Henrieta,Hillitt,hhillitt75@so-net.ne.jp,Female,Dominican Republic
259,Xena,Brunner,xbrunner76@cornell.edu,Female,Brazil
260,Shellysheldon,Jandera,sjandera77@nytimes.com,Male,Poland
261,Margarita,Van Castele,mvancastele78@jalbum.net,Female,Brazil
262,Cyrill,Turri,cturri79@auda.org.au,Non-binary,Pakistan
263,Francisca,Grimsey,fgrimsey7a@plala.or.jp,Female,United States
264,Callida,McCullough,cmccullough7b@skyrock.com,Female,Dominican Republic
265,Darelle,Roads,droads7c@foxnews.com,Female,Jordan
266,Nanete,Oldroyd,noldroyd7d@wunderground.com,Female,China
267,Elene,Cruess,ecruess7e@ebay.com,Female,China
268,Othelia,Armin,oarmin7f@bandcamp.com,Female,Peru
269,Othella,McPhelimy,omcphelimy7g@nifty.com,Female,Peru
270,Liv,Lebel,llebel7h@economist.com,Female,South Korea
271,Lurleen,Andrysiak,landrysiak7i@flickr.com,Female,Brazil
272,Theo,Battista,tbattista7j@prlog.org,Male,Poland
273,Dorothea,Tute,dtute7k@is.gd,Female,France
274,Lenci,Carlino,lcarlino7l@timesonline.co.uk,Male,Portugal
275,Robin,McKeaney,rmckeaney7m@about.me,Male,China
276,Bondie,Diaper,bdiaper7n@elegantthemes.com,Genderfluid,Colombia
277,Anstice,Truswell,atruswell7o@parallels.com,Female,France
278,Meghan,Munby,mmunby7p@qq.com,Female,Venezuela
279,Adelaida,Chichgar,achichgar7q@freewebs.com,Genderqueer,Indonesia
280,Olympe,Bougourd,obougourd7r@slideshare.net,Female,Russia
281,Bartlet,Gillbey,bgillbey7s@blogger.com,Male,United States
282,Fidela,Yesinov,fyesinov7t@ihg.com,Female,Japan
283,Lorine,Calow,lcalow7u@sciencedaily.com,Female,Japan
284,Coralyn,Cardenoso,ccardenoso7v@adobe.com,Female,Bhutan
285,Kristo,Woodrooffe,kwoodrooffe7w@angelfire.com,Male,Laos
286,Arlee,Brazel,abrazel7x@craigslist.org,Female,Uganda
287,Kare,Lannin,klannin7y@google.ru,Female,Russia
288,Reinwald,Spadoni,rspadoni7z@tinypic.com,Male,China
289,Duane,Axup,daxup80@infoseek.co.jp,Male,Indonesia
290,Jenelle,Cabrer,jcabrer81@guardian.co.uk,Female,Russia
291,Wilburt,Monard,wmonard82@artisteer.com,Male,Tanzania
292,Mellie,Lohde,mlohde83@washingtonpost.com,Female,Brazil
293,Camila,Carmel,ccarmel84@symantec.com,Female,Thailand
294,Dody,Pimlett,dpimlett85@uiuc.edu,Female,Indonesia
295,Kenon,Weitzel,kweitzel86@blogspot.com,Male,Thailand
296,Delly,Breitler,dbreitler87@whitehouse.gov,Female,Russia
297,Ailee,Strahan,astrahan88@hatena.ne.jp,Female,Portugal
298,Sandy,Bracci,sbracci89@senate.gov,Female,China
299,Guillermo,Milroy,gmilroy8a@answers.com,Male,Honduras
300,Nealy,Revely,nrevely8b@state.gov,Male,Canada
301,Pascal,Philpault,pphilpault8c@patch.com,Male,United States
302,Fleurette,Menzies,fmenzies8d@jiathis.com,Female,Vietnam
303,Alberta,Haton,ahaton8e@wikimedia.org,Female,Poland
304,Decca,Cisson,dcisson8f@last.fm,Male,China
305,Herold,Dickon,hdickon8g@constantcontact.com,Bigender,Canada
306,Gilberte,Smaile,gsmaile8h@a8.net,Female,Greece
307,Auberon,Attride,aattride8i@jiathis.com,Male,Indonesia
308,Amelie,Freshwater,afreshwater8j@icq.com,Female,Indonesia
309,Alonzo,Glackin,aglackin8k@admin.ch,Male,Japan
310,Celie,Beveredge,cbeveredge8l@moonfruit.com,Female,Czech Republic
311,Brnaba,Sancraft,bsancraft8m@bloglovin.com,Male,Albania
312,Mathilda,Mollitt,mmollitt8n@uol.com.br,Female,Czech Republic
313,Cordula,Earnshaw,cearnshaw8o@feedburner.com,Female,Poland
314,Janean,Cess,jcess8p@purevolume.com,Female,Philippines
315,Madel,Reaman,mreaman8q@dedecms.com,Female,China
316,Lolita,Madill,lmadill8r@ucsd.edu,Female,Poland
317,Yancy,Purchall,ypurchall8s@alexa.com,Male,Japan
318,Christoffer,Seago,cseago8t@purevolume.com,Male,Palestinian Territory
319,Randy,Paine,rpaine8u@g.co,Bigender,China
320,Carlyle,Hartman,chartman8v@ted.com,Male,Ukraine
321,Aubine,Gravenell,agravenell8w@kickstarter.com,Polygender,Russia
322,Pepillo,Bertwistle,pbertwistle8x@shinystat.com,Male,China
323,Sheryl,Elstone,selstone8y@google.de,Female,Russia
324,Rorke,Chrishop,rchrishop8z@cnet.com,Male,Portugal
325,Hillie,Redwin,hredwin90@nbcnews.com,Male,Democratic Republic of the Congo
326,Antoni,Cardello,acardello91@tumblr.com,Genderfluid,China
327,Merilyn,Hinsche,mhinsche92@howstuffworks.com,Female,China
328,Nevin,McCane,nmccane93@vistaprint.com,Male,Guatemala
329,Uta,Savatier,usavatier94@cloudflare.com,Female,Costa Rica
330,Gizela,Kington,gkington95@istockphoto.com,Female,Niger
331,Em,Pattullo,epattullo96@walmart.com,Male,Norway
332,Hedvige,Beverley,hbeverley97@time.com,Female,Syria
333,Kaine,Crips,kcrips98@reuters.com,Male,Russia
334,Dougie,Mecchi,dmecchi99@angelfire.com,Male,Indonesia
335,Odelinda,Hooban,ohooban9a@bloglines.com,Female,Russia
336,Anneliese,Ech,aech9b@gravatar.com,Bigender,Albania
337,Uriel,Wyndham,uwyndham9c@rediff.com,Male,Somalia
338,Jarred,Kelsow,jkelsow9d@myspace.com,Male,Indonesia
339,Vally,Whitehall,vwhitehall9e@merriam-webster.com,Female,Bulgaria
340,Grantley,Roset,groset9f@squarespace.com,Bigender,Indonesia
341,Thaine,Dipple,tdipple9g@sciencedaily.com,Male,South Korea
342,Chelsae,Leith-Harvey,cleithharvey9h@bing.com,Female,Ecuador
343,Kelila,Broad,kbroad9i@timesonline.co.uk,Female,Ireland
344,Alejandra,Currm,acurrm9j@house.gov,Female,Sweden
345,Windy,Worge,wworge9k@state.gov,Genderfluid,Czech Republic
346,Kacie,Bousler,kbousler9l@nps.gov,Female,France
347,Martino,Vernay,mvernay9m@360.cn,Male,China
348,Asher,Chrismas,achrismas9n@imdb.com,Male,Palestinian Territory
349,Heinrik,Awde,hawde9o@umich.edu,Male,Poland
350,Kelcy,McDougald,kmcdougald9p@skype.com,Female,Indonesia
351,Karin,Faltskog,kfaltskog9q@nyu.edu,Female,Serbia
352,Betteanne,Groundwator,bgroundwator9r@jalbum.net,Female,Indonesia
353,Dasya,Medendorp,dmedendorp9s@google.ru,Female,Colombia
354,Cherida,Shankster,cshankster9t@twitpic.com,Female,Pakistan
355,Temp,Jurkiewicz,tjurkiewicz9u@upenn.edu,Male,Poland
356,Franny,Crank,fcrank9v@sakura.ne.jp,Female,Philippines
357,Bartholomeus,Learoyd,blearoyd9w@narod.ru,Male,Peru
358,Giffard,Thorsby,gthorsby9x@illinois.edu,Male,Nigeria
359,Liam,Durand,ldurand9y@howstuffworks.com,Male,Angola
360,Joelie,Cleyne,jcleyne9z@clickbank.net,Female,Ukraine
361,Valenka,Ellett,velletta0@blinklist.com,Female,Indonesia
362,Josie,Iannazzi,jiannazzia1@addtoany.com,Female,China
363,Cam,Soper,csopera2@geocities.jp,Female,Peru
364,Stace,Stigers,sstigersa3@reuters.com,Genderqueer,Guatemala
365,Mort,Olphert,molpherta4@printfriendly.com,Male,China
366,Ase,McShee,amcsheea5@t.co,Male,South Africa
367,Dael,Subhan,dsubhana6@fema.gov,Male,Canada
368,Davide,McMichell,dmcmichella7@mapy.cz,Male,Belarus
369,Natty,Annatt,nannatta8@paginegialle.it,Female,Russia
370,Coletta,Gregoli,cgregolia9@ihg.com,Female,China
371,Genna,Tait,gtaitaa@indiegogo.com,Female,Poland
372,Ariela,Knoble,aknobleab@cisco.com,Female,China
373,Suzi,Pregel,spregelac@360.cn,Agender,China
374,Ennis,Rodbourne,erodbournead@sogou.com,Male,Pakistan
375,Gerda,Joberne,gjoberneae@independent.co.uk,Female,China
376,Odie,Tortoise,otortoiseaf@artisteer.com,Male,South Africa
377,Felice,Searsby,fsearsbyag@home.pl,Female,Guam
378,Maris,Abramof,mabramofah@godaddy.com,Female,Poland
379,Lazaro,Measor,lmeasorai@gov.uk,Male,China
380,Madelle,Swayton,mswaytonaj@xing.com,Female,Indonesia
381,Farra,Pech,fpechak@webmd.com,Female,Sri Lanka
382,Marian,Whiff,mwhiffal@hexun.com,Female,Argentina
383,Drud,Parlett,dparlettam@psu.edu,Male,China
384,Coraline,Waistall,cwaistallan@storify.com,Female,Philippines
385,Catlin,Ambrosch,cambroschao@yelp.com,Female,Poland
386,Mira,Garard,mgarardap@yellowbook.com,Female,China
387,Minny,Mabbot,mmabbotaq@disqus.com,Female,China
388,Toby,Phebey,tphebeyar@ucoz.com,Female,Indonesia
389,Elnore,Hatterslay,ehatterslayas@issuu.com,Female,China
390,Reed,Obee,robeeat@photobucket.com,Male,Kazakhstan
391,Jae,Clemmensen,jclemmensenau@nbcnews.com,Male,Indonesia
392,Tiffie,Kidwell,tkidwellav@marriott.com,Female,Brazil
393,Charlean,Benham,cbenhamaw@parallels.com,Female,China
394,Monika,Schubart,mschubartax@comcast.net,Female,China
395,Jehu,Palke,jpalkeay@taobao.com,Male,Ukraine
396,Adolphe,Niset,anisetaz@newsvine.com,Male,Nigeria
397,Kinna,Aleveque,kalevequeb0@nyu.edu,Female,Poland
398,Lynsey,Haffard,lhaffardb1@odnoklassniki.ru,Female,Indonesia
399,Johnna,Tournay,jtournayb2@xing.com,Female,Morocco
400,Riki,Carrodus,rcarrodusb3@cisco.com,Female,Canada
401,Laurette,Lightbody,llightbodyb4@craigslist.org,Female,Bosnia and Herzegovina
402,Ulrica,Hayers,uhayersb5@sciencedirect.com,Female,Sierra Leone
403,Biddie,Read,breadb6@cornell.edu,Female,Mexico
404,Zonnya,Ugolotti,zugolottib7@tumblr.com,Female,Montenegro
405,Gertie,Fanner,gfannerb8@i2i.jp,Female,Indonesia
406,Katerine,Quilligan,kquilliganb9@ihg.com,Female,China
407,Modesty,Gini,mginiba@wp.com,Female,East Timor
408,Duke,Raith,draithbb@xinhuanet.com,Male,Indonesia
409,Shaine,Adriano,sadrianobc@google.ca,Male,China
410,Olin,Foucher,ofoucherbd@census.gov,Male,China
411,Francisco,Enos,fenosbe@alexa.com,Male,United States
412,Raf,Corradengo,rcorradengobf@wordpress.com,Female,Portugal
413,Damaris,Rawes,drawesbg@hugedomains.com,Polygender,Russia
414,Rossy,Valasek,rvalasekbh@pcworld.com,Male,Serbia
415,Olenka,Haggerwood,ohaggerwoodbi@engadget.com,Female,Czech Republic
416,Timothee,Folks,tfolksbj@themeforest.net,Male,Ethiopia
417,Sloan,Pinock,spinockbk@vistaprint.com,Male,Argentina
418,Sileas,Oscroft,soscroftbl@dagondesign.com,Female,Indonesia
419,Tawsha,Purdon,tpurdonbm@dyndns.org,Female,Japan
420,Fancie,Hinkensen,fhinkensenbn@oakley.com,Female,Myanmar
421,Selig,Ivantyev,sivantyevbo@amazon.de,Male,China
422,Frederic,Tellett,ftellettbp@hp.com,Male,France
423,Kirsteni,Brandenburg,kbrandenburgbq@arstechnica.com,Female,Russia
424,Terri-jo,Cumberbatch,tcumberbatchbr@squidoo.com,Female,China
425,Zach,Mullard,zmullardbs@stanford.edu,Male,Portugal
426,Gunar,Grenkov,ggrenkovbt@desdev.cn,Male,Mexico
427,Fielding,Tissiman,ftissimanbu@earthlink.net,Bigender,Indonesia
428,Fredek,Samwayes,fsamwayesbv@free.fr,Male,Laos
429,Brew,Dykas,bdykasbw@webeden.co.uk,Male,Bulgaria
430,Jarrod,Monan,jmonanbx@sakura.ne.jp,Male,Yemen
431,Isis,Denmead,idenmeadby@theglobeandmail.com,Female,United States
432,Gene,Kanwell,gkanwellbz@tinypic.com,Female,Thailand
433,Nadean,Pasmore,npasmorec0@indiatimes.com,Non-binary,Russia
434,Car,Danilenko,cdanilenkoc1@geocities.jp,Bigender,France
435,Raimund,Dorrity,rdorrityc2@earthlink.net,Male,Panama
436,Reba,Gabriel,rgabrielc3@twitpic.com,Female,China
437,Vanessa,Lukacs,vlukacsc4@nih.gov,Female,Indonesia
438,Regen,Brokenshaw,rbrokenshawc5@washingtonpost.com,Male,Malawi
439,Fannie,Postlethwaite,fpostlethwaitec6@bigcartel.com,Non-binary,China
440,Frannie,Sawkin,fsawkinc7@linkedin.com,Male,Peru
441,Hilda,Digges,hdiggesc8@desdev.cn,Female,United States
442,Jae,Scrimshire,jscrimshirec9@yelp.com,Male,Pakistan
443,Osbourne,Dorin,odorinca@feedburner.com,Male,Sweden
444,Way,Jerram,wjerramcb@phoca.cz,Male,China
445,Boone,Mulholland,bmulhollandcc@amazon.de,Male,China
446,Nadia,Greatreax,ngreatreaxcd@tmall.com,Female,Peru
447,Mavis,Shilling,mshillingce@forbes.com,Polygender,China
448,Eugenio,O' Shea,eosheacf@ucla.edu,Male,Peru
449,Jane,Peres,jperescg@google.com.hk,Female,Russia
450,Yettie,Drivers,ydriversch@cisco.com,Female,Russia
451,Ruby,Seebert,rseebertci@ibm.com,Male,Monaco
452,Steve,Radband,sradbandcj@ifeng.com,Male,Azerbaijan
453,Noemi,McCafferky,nmccafferkyck@google.nl,Female,Philippines
454,Gerladina,Beckinsall,gbeckinsallcl@bluehost.com,Female,Indonesia
455,Anne,Prue,apruecm@bloglines.com,Female,Ukraine
456,Vittoria,Kondratyuk,vkondratyukcn@ed.gov,Polygender,Ukraine
457,Maible,Moran,mmoranco@redcross.org,Female,Moldova
458,Ricard,Almond,ralmondcp@irs.gov,Male,Yemen
459,Roselin,Proger,rprogercq@liveinternet.ru,Female,China
460,Enriqueta,Summerscales,esummerscalescr@ucoz.com,Female,Indonesia
461,Rosalinda,Reach,rreachcs@hugedomains.com,Female,Norway
462,Kayne,Tabbernor,ktabbernorct@nifty.com,Male,Philippines
463,Gilemette,Coulthart,gcoulthartcu@example.com,Female,Bolivia
464,Kippy,Greest,kgreestcv@indiatimes.com,Male,China
465,Dalis,Edsell,dedsellcw@amazon.de,Male,Peru
466,Jeffy,Tudgay,jtudgaycx@indiatimes.com,Male,Sweden
467,Lind,Clapshaw,lclapshawcy@marketwatch.com,Genderfluid,Russia
468,Mahmud,Aird,mairdcz@virginia.edu,Male,Philippines
469,Ilario,Holde,iholded0@yellowbook.com,Male,Honduras
470,Emmie,Froment,efromentd1@paypal.com,Female,Russia
471,Bran,Thurbon,bthurbond2@gizmodo.com,Male,Russia
472,Rebeka,Ayce,rayced3@zimbio.com,Female,Palestinian Territory
473,Sonnie,Musico,smusicod4@blogger.com,Male,China
474,Buddy,Pennetta,bpennettad5@google.com.au,Male,Philippines
475,Devora,Readwin,dreadwind6@apache.org,Female,Portugal
476,Dorene,Deacock,ddeacockd7@nymag.com,Female,China
477,Orly,Mordy,omordyd8@mtv.com,Female,China
478,Wrennie,Sawyer,wsawyerd9@businesswire.com,Female,Russia
479,Rae,Tappin,rtappinda@eventbrite.com,Female,Indonesia
480,Stephanus,Manshaw,smanshawdb@is.gd,Male,Nepal
481,Welby,Ridehalgh,wridehalghdc@last.fm,Male,France
482,Moe,Cromly,mcromlydd@xrea.com,Male,Indonesia
483,Katha,Seabrooke,kseabrookede@pcworld.com,Female,France
484,Gusti,Handscombe,ghandscombedf@clickbank.net,Bigender,Argentina
485,Marni,Crates,mcratesdg@youtu.be,Female,Russia
486,Jaime,Jammes,jjammesdh@auda.org.au,Male,Indonesia
487,Dare,Anfosso,danfossodi@tiny.cc,Male,Bolivia
488,Lanie,Dallison,ldallisondj@surveymonkey.com,Male,Liberia
489,Natty,Skyram,nskyramdk@jugem.jp,Male,Thailand
490,Geoffry,Harston,gharstondl@engadget.com,Male,Portugal
491,Ilene,Swede,iswededm@opera.com,Female,Brazil
492,Ransom,Stredwick,rstredwickdn@macromedia.com,Polygender,Russia
493,Case,Phlipon,cphlipondo@is.gd,Male,Jordan
494,Masha,Powell,mpowelldp@123-reg.co.uk,Bigender,Poland
495,Sharona,Drennan,sdrennandq@cisco.com,Female,Indonesia
496,Bruno,Bendix,bbendixdr@ucla.edu,Male,Japan
497,Marcellina,Adelman,madelmands@photobucket.com,Bigender,Japan
498,Francesca,Greste,fgrestedt@wp.com,Female,China
499,Boyd,Savill,bsavilldu@hatena.ne.jp,Male,China
500,Agata,Bernardet,abernardetdv@edublogs.org,Female,Germany
501,Cairistiona,Kroon,ckroondw@over-blog.com,Female,South Korea
502,Gianni,Jeffryes,gjeffryesdx@shutterfly.com,Male,Netherlands
503,Rosanna,Crumbleholme,rcrumbleholmedy@ocn.ne.jp,Female,Bangladesh
504,Lynnell,Goudy,lgoudydz@illinois.edu,Female,Mexico
505,Rosabella,Kemell,rkemelle0@i2i.jp,Female,Poland
506,Katha,Aymerich,kaymeriche1@yahoo.co.jp,Female,China
507,Ame,Averies,aaveriese2@forbes.com,Female,Indonesia
508,Adriana,Victoria,avictoriae3@cloudflare.com,Female,Chile
509,Lilith,Poskitt,lposkitte4@patch.com,Female,Indonesia
510,Art,Deave,adeavee5@gmpg.org,Male,China
511,Ferrel,Nevin,fnevine6@wiley.com,Male,Russia
512,Colver,Quinevan,cquinevane7@utexas.edu,Male,South Africa
513,Felipe,Sydall,fsydalle8@unc.edu,Male,China
514,Wadsworth,Cullinan,wcullinane9@home.pl,Male,Poland
515,Arne,Ladlow,aladlowea@umich.edu,Male,Egypt
516,Brose,Perrycost,bperrycosteb@meetup.com,Male,Greece
517,Anthony,Stennings,astenningsec@guardian.co.uk,Male,Russia
518,Raquel,Saggs,rsaggsed@cbc.ca,Female,Indonesia
519,Tim,MacAskie,tmacaskieee@zdnet.com,Female,Portugal
520,Cymbre,Houlridge,choulridgeef@cloudflare.com,Non-binary,Greece
521,Tabbatha,Patek,tpatekeg@photobucket.com,Female,China
522,Rosabelle,Testro,rtestroeh@msn.com,Polygender,China
523,Nicko,Keetch,nkeetchei@about.com,Male,Sweden
524,Hesther,Powis,hpowisej@github.com,Female,Philippines
525,Janet,Silcox,jsilcoxek@xrea.com,Female,Indonesia
526,Philomena,Florio,pflorioel@aboutads.info,Female,Brazil
527,Sosanna,Orgee,sorgeeem@china.com.cn,Female,China
528,Vinita,Hannen,vhannenen@techcrunch.com,Female,Norway
529,Michale,Parcell,mparcelleo@un.org,Male,Georgia
530,Sauveur,Breston,sbrestonep@stanford.edu,Male,Slovenia
531,Michal,Philipsohn,mphilipsohneq@squidoo.com,Female,Peru
532,Wilfred,De Ambrosi,wdeambrosier@wikipedia.org,Male,China
533,Emmaline,De Bruijn,edebruijnes@rediff.com,Female,United States
534,Haydon,Foulger,hfoulgeret@uiuc.edu,Bigender,Sweden
535,Dale,Amps,dampseu@ebay.com,Female,China
536,Dani,Bugbird,dbugbirdev@apple.com,Male,Norway
537,Isis,Moles,imolesew@ucoz.ru,Female,China
538,Rosaleen,Killeley,rkilleleyex@usa.gov,Female,Cuba
539,Maxie,Robarts,mrobartsey@mysql.com,Female,Afghanistan
540,Gaylord,Fawkes,gfawkesez@comcast.net,Male,Indonesia
541,Angus,Reilinger,areilingerf0@vk.com,Male,Argentina
542,Gerek,Casin,gcasinf1@ameblo.jp,Male,Colombia
543,Martyn,Prozescky,mprozesckyf2@utexas.edu,Male,Ukraine
544,Ailis,Biernat,abiernatf3@vkontakte.ru,Female,Russia
545,Archibaldo,Pickless,apicklessf4@joomla.org,Male,China
546,Tabitha,Hares,tharesf5@bloglovin.com,Female,Portugal
547,Donnie,Lerhinan,dlerhinanf6@soundcloud.com,Male,Brazil
548,Olia,Hovell,ohovellf7@biblegateway.com,Genderfluid,Croatia
549,Vannie,Rumford,vrumfordf8@forbes.com,Non-binary,Ireland
550,Tate,Burles,tburlesf9@arstechnica.com,Male,China
551,Sharity,Findlow,sfindlowfa@imdb.com,Female,Malaysia
552,Thayne,Groneway,tgronewayfb@t.co,Male,Canada
553,Corey,Tirrell,ctirrellfc@oaic.gov.au,Male,Russia
554,Marty,MacLennan,mmaclennanfd@mac.com,Male,Philippines
555,Mickie,Orrell,morrellfe@over-blog.com,Female,Poland
556,Kamilah,Alastair,kalastairff@google.com.br,Female,Indonesia
557,Zelma,Housegoe,zhousegoefg@wikipedia.org,Female,United States
558,Devonne,Petrovykh,dpetrovykhfh@nyu.edu,Genderfluid,Uganda
559,Gibb,Garatty,ggarattyfi@squarespace.com,Male,China
560,Petronia,Stanes,pstanesfj@nba.com,Agender,Brazil
561,Dag,Doerren,ddoerrenfk@google.fr,Male,Monaco
562,Miguelita,Monks,mmonksfl@huffingtonpost.com,Female,Nigeria
563,Rowena,Zieme,rziemefm@kickstarter.com,Non-binary,Czech Republic
564,Abrahan,Middell,amiddellfn@yellowbook.com,Male,Norway
565,Nicholas,Enriquez,nenriquezfo@ebay.com,Male,Afghanistan
566,Irving,Kempshall,ikempshallfp@usda.gov,Male,China
567,Fleming,Eastbrook,feastbrookfq@ebay.com,Male,China
568,Ferne,Mettrick,fmettrickfr@slashdot.org,Female,Portugal
569,Ken,Firebrace,kfirebracefs@toplist.cz,Male,China
570,Mariquilla,Iacobassi,miacobassift@lycos.com,Female,Indonesia
571,Bruno,MacKissack,bmackissackfu@hugedomains.com,Male,Indonesia
572,Huntington,Krolak,hkrolakfv@umich.edu,Male,China
573,Willi,Challens,wchallensfw@printfriendly.com,Male,Indonesia
574,Domini,Parlot,dparlotfx@instagram.com,Female,Argentina
575,Anett,Michie,amichiefy@webeden.co.uk,Female,Venezuela
576,Kenn,Windybank,kwindybankfz@wiley.com,Genderqueer,Democratic Republic of the Congo
577,Ariella,Ayton,aaytong0@reddit.com,Female,Thailand
578,Hamish,Kenneford,hkennefordg1@reverbnation.com,Male,China
579,Delaney,Pershouse,dpershouseg2@loc.gov,Male,Greece
580,Skipp,Tolman,stolmang3@ibm.com,Male,Brazil
581,Gilberte,Groneway,ggronewayg4@slideshare.net,Female,Indonesia
582,Aili,Dibling,adiblingg5@dyndns.org,Female,Czech Republic
583,Gasper,Jewson,gjewsong6@hud.gov,Male,China
584,Maurine,Golly,mgollyg7@twitter.com,Non-binary,Ukraine
585,Mireille,Waumsley,mwaumsleyg8@sakura.ne.jp,Female,Russia
586,Trenton,Purrington,tpurringtong9@photobucket.com,Male,Philippines
587,Goraud,Meece,gmeecega@globo.com,Male,China
588,Carolina,Whysall,cwhysallgb@fema.gov,Female,China
589,Jefferson,Heisman,jheismangc@ehow.com,Male,Poland
590,Albie,Knight,aknightgd@reuters.com,Non-binary,Greece
591,Wolfy,Caukill,wcaukillge@deliciousdays.com,Male,China
592,Garrard,Gateshill,ggateshillgf@tinyurl.com,Male,Philippines
593,Paolina,Chaperlin,pchaperlingg@ow.ly,Female,Vietnam
594,Sibyl,de Guise,sdeguisegh@slashdot.org,Male,Indonesia
595,Ewart,Le Provost,eleprovostgi@g.co,Male,Russia
596,Josh,Sotham,jsothamgj@addtoany.com,Male,Russia
597,Jephthah,Castiblanco,jcastiblancogk@yahoo.co.jp,Male,Poland
598,Redford,Gaunter,rgauntergl@paginegialle.it,Male,South Korea
599,Robert,Hurdiss,rhurdissgm@amazon.com,Male,China
600,Hynda,Marques,hmarquesgn@surveymonkey.com,Female,Portugal
601,Vaughn,Brigham,vbrighamgo@netscape.com,Male,Sweden
602,Carmella,Rapa,crapagp@jalbum.net,Female,Brazil
603,Filberte,Skipsey,fskipseygq@free.fr,Male,China
604,Claudio,Kellet,ckelletgr@abc.net.au,Bigender,Indonesia
605,Elsy,Taplin,etaplings@hp.com,Female,Indonesia
606,Odelle,Jeffes,ojeffesgt@chicagotribune.com,Female,Indonesia
607,Marja,Readshaw,mreadshawgu@telegraph.co.uk,Female,Brazil
608,Bertie,Tran,btrangv@quantcast.com,Female,Colombia
609,Berkley,Silburn,bsilburngw@marketwatch.com,Male,China
610,Arthur,Falkner,afalknergx@japanpost.jp,Male,Mexico
611,Marna,Woodger,mwoodgergy@samsung.com,Female,China
612,Grant,Donkersley,gdonkersleygz@delicious.com,Male,Zimbabwe
613,Durante,Stockney,dstockneyh0@live.com,Bigender,Indonesia
614,Aristotle,Millberg,amillbergh1@multiply.com,Male,Panama
615,Skippie,Larderot,slarderoth2@wired.com,Male,Peru
616,Emmye,MacAdam,emacadamh3@vistaprint.com,Female,Brazil
617,Ev,Sickert,esickerth4@ca.gov,Male,Thailand
618,Spenser,Olkowicz,solkowiczh5@shareasale.com,Male,El Salvador
619,Fremont,Eul,feulh6@earthlink.net,Male,Colombia
620,Goldia,Wrinch,gwrinchh7@noaa.gov,Genderfluid,United States
621,Elton,Celand,ecelandh8@dyndns.org,Male,Croatia
622,Julina,Pandie,jpandieh9@wikimedia.org,Female,Ecuador
623,Moll,Strooband,mstroobandha@biblegateway.com,Female,China
624,Kenn,Tilt,ktilthb@mysql.com,Male,Russia
625,Gilli,Duffan,gduffanhc@ed.gov,Female,China
626,Luella,Hartgill,lhartgillhd@wp.com,Female,Honduras
627,Zacharie,Brizland,zbrizlandhe@netlog.com,Male,Honduras
628,Kaleb,Hursey,khurseyhf@yandex.ru,Male,Finland
629,Tina,Cuardall,tcuardallhg@gravatar.com,Female,Portugal
630,Erie,Duckitt,educkitthh@arizona.edu,Male,Russia
631,Noel,Palfreman,npalfremanhi@nyu.edu,Male,Latvia
632,Stanleigh,Adriani,sadrianihj@soundcloud.com,Male,Indonesia
633,Evelin,Edinburough,eedinburoughhk@nba.com,Male,Brazil
634,Myrtice,Duddin,mduddinhl@networkadvertising.org,Female,Brazil
635,Vitoria,Rollinson,vrollinsonhm@blinklist.com,Female,China
636,Lulita,Tissington,ltissingtonhn@tamu.edu,Female,Japan
637,Ferguson,Grouvel,fgrouvelho@wix.com,Male,Indonesia
638,Sarette,Hair,shairhp@storify.com,Female,Iran
639,Darice,Foukx,dfoukxhq@bbc.co.uk,Female,China
640,Johnathon,Goodhew,jgoodhewhr@archive.org,Male,South Korea
641,Hildegaard,Janouch,hjanouchhs@over-blog.com,Female,Argentina
642,Thurston,Alliot,talliotht@wp.com,Male,Indonesia
643,Kayla,Sarfati,ksarfatihu@pinterest.com,Female,Greece
644,Sula,Macek,smacekhv@people.com.cn,Female,Montenegro
645,Jemmy,Legh,jleghhw@blogger.com,Female,Palau
646,Simona,Gudyer,sgudyerhx@miitbeian.gov.cn,Female,France
647,Randy,Yellep,ryellephy@hud.gov,Male,China
648,Allina,Sinney,asinneyhz@wikimedia.org,Female,Brazil
649,Filmer,Crickett,fcricketti0@ow.ly,Male,Russia
650,Karleen,Monument,kmonumenti1@artisteer.com,Female,Poland
651,Mathe,Scurrah,mscurrahi2@fda.gov,Bigender,Indonesia
652,Derril,Crocket,dcrocketi3@blogtalkradio.com,Male,China
653,Kevon,Bomb,kbombi4@cdbaby.com,Male,Cameroon
654,Honor,Thickpenny,hthickpennyi5@biglobe.ne.jp,Female,China
655,Nobe,Scone,nsconei6@sphinn.com,Male,China
656,Torr,Leaver,tleaveri7@state.tx.us,Male,Zimbabwe
657,Stephenie,Baudinelli,sbaudinellii8@ca.gov,Genderfluid,Finland
658,Wolfy,Baudy,wbaudyi9@xinhuanet.com,Male,Brazil
659,Carmelita,Gareisr,cgareisria@wix.com,Female,Mongolia
660,Brian,Conaboy,bconaboyib@sogou.com,Male,Russia
661,Adrien,Poley,apoleyic@prnewswire.com,Male,Netherlands
662,Peterus,McGarrity,pmcgarrityid@edublogs.org,Male,Argentina
663,Lynda,Thomazin,lthomazinie@google.com,Female,Indonesia
664,Blaire,Chiverton,bchivertonif@ehow.com,Female,Belize
665,Eadith,MacLaverty,emaclavertyig@alexa.com,Female,Brazil
666,Darleen,Barford,dbarfordih@cocolog-nifty.com,Female,Israel
667,Elaine,D'Elias,edeliasii@moonfruit.com,Female,Indonesia
668,Bree,Maharey,bmahareyij@spotify.com,Female,Brazil
669,Elinor,Vamplus,evamplusik@geocities.com,Female,Azerbaijan
670,Parsifal,Just,pjustil@usgs.gov,Male,Portugal
671,Elie,Noble,enobleim@newsvine.com,Female,Italy
672,Norton,Rix,nrixin@ihg.com,Male,Sweden
673,Selma,Burnham,sburnhamio@newsvine.com,Female,Indonesia
674,Esta,Wisniowski,ewisniowskiip@skyrock.com,Female,Indonesia
675,Adelbert,Grayland,agraylandiq@over-blog.com,Male,Indonesia
676,Tracy,Penwright,tpenwrightir@eepurl.com,Female,Iran
677,Fredek,Simko,fsimkois@163.com,Male,Indonesia
678,Willetta,Oleszczak,woleszczakit@soundcloud.com,Female,Serbia
679,Alasdair,Scard,ascardiu@mlb.com,Male,Bulgaria
680,Nalani,Barge,nbargeiv@newyorker.com,Female,China
681,Dena,Spittall,dspittalliw@dyndns.org,Non-binary,United States
682,Arabella,Makiver,amakiverix@reference.com,Female,Montenegro
683,Addison,Madge,amadgeiy@rambler.ru,Male,Syria
684,Nikki,Stratley,nstratleyiz@ask.com,Polygender,Finland
685,Vassily,Wetheril,vwetherilj0@ucoz.ru,Male,Niger
686,Izzy,Scarffe,iscarffej1@prlog.org,Male,China
687,Padget,Barrable,pbarrablej2@usatoday.com,Male,China
688,Clementius,Giacomozzo,cgiacomozzoj3@cdc.gov,Male,Philippines
689,Kellina,De Roos,kderoosj4@geocities.com,Female,China
690,Adrea,Westwick,awestwickj5@mashable.com,Non-binary,Afghanistan
691,Fraze,Pettifer,fpettiferj6@infoseek.co.jp,Male,Venezuela
692,Edmund,Pullman,epullmanj7@domainmarket.com,Genderqueer,Czech Republic
693,Vivyan,Gatherer,vgathererj8@webs.com,Female,Ukraine
694,Joaquin,Vannar,jvannarj9@oakley.com,Male,Poland
695,Margette,Gatherell,mgatherellja@sphinn.com,Female,Argentina
696,Conny,Saket,csaketjb@earthlink.net,Female,Chile
697,Stacey,Procter,sprocterjc@oakley.com,Female,Croatia
698,Carin,Crosher,ccrosherjd@vkontakte.ru,Female,Cuba
699,Cherry,Ivashinnikov,civashinnikovje@google.de,Female,Ireland
700,Lorelei,Meegan,lmeeganjf@patch.com,Female,France
701,Hugibert,Milmore,hmilmorejg@fotki.com,Male,China
702,Koral,Allcroft,kallcroftjh@opensource.org,Female,Yemen
703,Saloma,Anfrey,sanfreyji@about.me,Female,Cyprus
704,Angel,Harwin,aharwinjj@prnewswire.com,Male,Japan
705,Stevy,Blunkett,sblunkettjk@salon.com,Male,France
706,Nataniel,Greally,ngreallyjl@umn.edu,Male,China
707,Gabriella,Studdert,gstuddertjm@photobucket.com,Female,Iran
708,Buckie,Matthewson,bmatthewsonjn@google.co.uk,Male,Indonesia
709,Kayley,Werrett,kwerrettjo@fema.gov,Female,France
710,Nikolas,Plose,nplosejp@stanford.edu,Male,Brazil
711,Jenifer,Oliveti,jolivetijq@cafepress.com,Female,China
712,Sanford,Codrington,scodringtonjr@yahoo.co.jp,Male,China
713,Shanna,Woollard,swoollardjs@parallels.com,Female,Poland
714,Francesco,Bown,fbownjt@usa.gov,Male,Portugal
715,Lyndsay,Bleythin,lbleythinju@jigsy.com,Female,China
716,Jerrie,Cromie,jcromiejv@freewebs.com,Male,China
717,Joella,Leidl,jleidljw@weibo.com,Female,Indonesia
718,Si,Staig,sstaigjx@usa.gov,Male,Sudan
719,Nari,Sketchley,nsketchleyjy@w3.org,Bigender,Peru
720,Lanie,Mathevet,lmathevetjz@uol.com.br,Male,Poland
721,Tomlin,Rhead,trheadk0@cbc.ca,Male,Estonia
722,Kristyn,Conan,kconank1@over-blog.com,Non-binary,Bolivia
723,Wilburt,Isaacson,wisaacsonk2@myspace.com,Male,Portugal
724,Bartlet,Valentin,bvalentink3@wunderground.com,Male,Honduras
725,Clare,Whilder,cwhilderk4@umich.edu,Female,Argentina
726,Dicky,Rickerby,drickerbyk5@tmall.com,Male,Ukraine
727,Layney,Stallebrass,lstallebrassk6@unc.edu,Female,Ecuador
728,Sharleen,Rosenblad,srosenbladk7@spotify.com,Female,Greece
729,Marie-jeanne,Smurthwaite,msmurthwaitek8@paypal.com,Female,Indonesia
730,Christin,Measey,cmeaseyk9@google.co.jp,Female,Brazil
731,Gallagher,Dunkersley,gdunkersleyka@1688.com,Male,Portugal
732,Skipper,Keward,skewardkb@boston.com,Male,Brazil
733,Mareah,Getsham,mgetshamkc@usatoday.com,Female,Brazil
734,Tatum,Aylwin,taylwinkd@drupal.org,Female,Indonesia
735,Maryanna,Kiendl,mkiendlke@storify.com,Genderfluid,Indonesia
736,Johnnie,Siveyer,jsiveyerkf@topsy.com,Male,Thailand
737,Augustin,Cinavas,acinavaskg@ustream.tv,Male,Indonesia
738,Aleta,Milkin,amilkinkh@prweb.com,Female,France
739,Kristina,Gellan,kgellanki@nationalgeographic.com,Bigender,Poland
740,Jorrie,Livingstone,jlivingstonekj@alibaba.com,Female,Indonesia
741,Lewie,Shingles,lshingleskk@constantcontact.com,Male,Ecuador
742,Ase,Dunster,adunsterkl@ocn.ne.jp,Male,Pakistan
743,Hilton,Schanke,hschankekm@blogs.com,Male,Ukraine
744,Desmund,Waliszek,dwaliszekkn@vk.com,Male,Philippines
745,Banky,Senner,bsennerko@usatoday.com,Male,China
746,Frieda,Barthod,fbarthodkp@freewebs.com,Female,Lithuania
747,Alexio,Guiduzzi,aguiduzzikq@exblog.jp,Male,China
748,Glenden,Hannibal,ghannibalkr@gov.uk,Male,China
749,Thorn,Neiland,tneilandks@hud.gov,Male,Peru
750,Ax,Ciccottio,aciccottiokt@blogtalkradio.com,Genderfluid,China
751,Reynold,Watterson,rwattersonku@nature.com,Male,Palestinian Territory
752,Giacopo,Cooch,gcoochkv@mozilla.org,Polygender,Argentina
753,Hobard,Notti,hnottikw@cpanel.net,Male,Macedonia
754,Reinaldo,Thurley,rthurleykx@macromedia.com,Male,Portugal
755,Rafaelita,Baptist,rbaptistky@feedburner.com,Female,Indonesia
756,Ira,Kydde,ikyddekz@biblegateway.com,Male,Indonesia
757,Blair,Moorcraft,bmoorcraftl0@themeforest.net,Male,North Korea
758,Maddi,Kivelle,mkivellel1@youku.com,Female,Dominican Republic
759,Dorian,Grealey,dgrealeyl2@ucsd.edu,Male,Portugal
760,Codi,McDermott-Row,cmcdermottrowl3@omniture.com,Female,Indonesia
761,Karlotta,Freeborn,kfreebornl4@merriam-webster.com,Female,Indonesia
762,Craggy,Crossland,ccrosslandl5@unc.edu,Male,Indonesia
763,Deanna,Quipp,dquippl6@pen.io,Polygender,Indonesia
764,Ronny,Beharrell,rbeharrelll7@wsj.com,Male,China
765,Forrester,Tappor,ftapporl8@rediff.com,Male,Pakistan
766,Amble,Klemps,aklempsl9@addthis.com,Male,Philippines
767,Jack,Fortin,jfortinla@aboutads.info,Male,Indonesia
768,Hilario,Lickess,hlickesslb@businessweek.com,Male,Philippines
769,Rudie,Rawsthorne,rrawsthornelc@cnbc.com,Male,Portugal
770,Morse,Nisuis,mnisuisld@mlb.com,Male,China
771,Vincent,Edinburough,vedinburoughle@omniture.com,Male,Egypt
772,Danit,Fearns,dfearnslf@salon.com,Female,Russia
773,Isador,Ritmeyer,iritmeyerlg@usa.gov,Male,Poland
774,Saw,Flew,sflewlh@bizjournals.com,Male,Philippines
775,Garvin,Southey,gsoutheyli@scientificamerican.com,Male,China
776,Gerry,Flitcroft,gflitcroftlj@tinypic.com,Female,Mongolia
777,Cirstoforo,Lambin,clambinlk@wikia.com,Male,China
778,Antonie,Thornbarrow,athornbarrowll@storify.com,Female,France
779,Carleton,Lindemann,clindemannlm@hud.gov,Male,Canada
780,Elli,Rostern,erosternln@wsj.com,Female,China
781,Gertie,Swale,gswalelo@google.es,Female,Indonesia
782,Emlyn,Padkin,epadkinlp@salon.com,Female,Brazil
783,Dalila,Bozier,dbozierlq@opensource.org,Female,Palestinian Territory
784,Onfroi,Bedbury,obedburylr@nymag.com,Male,Pakistan
785,Jannelle,Kembry,jkembryls@ifeng.com,Female,China
786,Thatch,Persicke,tpersickelt@so-net.ne.jp,Genderfluid,Brazil
787,Leonanie,McDuall,lmcdualllu@163.com,Female,Benin
788,Whitby,Muller,wmullerlv@bluehost.com,Male,Uruguay
789,Melisse,Manneville,mmannevillelw@opensource.org,Female,Czech Republic
790,Alvy,Ollivier,aollivierlx@xrea.com,Male,China
791,Saraann,Ashburner,sashburnerly@spotify.com,Female,Indonesia
792,Arthur,Ravenhill,aravenhilllz@quantcast.com,Male,China
793,Parsifal,Renzullo,prenzullom0@time.com,Non-binary,Netherlands
794,Onida,Milbourne,omilbournem1@privacy.gov.au,Female,Portugal
795,Loydie,Cassy,lcassym2@alibaba.com,Male,China
796,Peria,Dami,pdamim3@is.gd,Female,China
797,Patrice,Northover,pnorthoverm4@globo.com,Bigender,Uganda
798,Angel,Krzysztofiak,akrzysztofiakm5@wikipedia.org,Female,Japan
799,Hinda,Overstall,hoverstallm6@hc360.com,Female,Poland
800,Devi,Costley,dcostleym7@symantec.com,Female,Czech Republic
801,Virgie,Kitchen,vkitchenm8@pen.io,Male,Sweden
802,Melody,Rosone,mrosonem9@gmpg.org,Female,China
803,Stace,Maysor,smaysorma@ycombinator.com,Female,Sweden
804,Netta,Zink,nzinkmb@netscape.com,Female,Hungary
805,Berne,Harriagn,bharriagnmc@ucla.edu,Bigender,Thailand
806,Sosanna,Meckiff,smeckiffmd@japanpost.jp,Female,China
807,Nowell,Macilhench,nmacilhenchme@about.me,Male,United States
808,Lesly,Guthrum,lguthrummf@fc2.com,Female,Indonesia
809,Illa,Blackston,iblackstonmg@nationalgeographic.com,Agender,Sierra Leone
810,Garek,Shuter,gshutermh@mashable.com,Male,Indonesia
811,Renell,Manon,rmanonmi@tmall.com,Female,Indonesia
812,Siana,Brussels,sbrusselsmj@1688.com,Female,China
813,Colan,Becconsall,cbecconsallmk@stanford.edu,Male,China
814,Asia,Slocum,aslocumml@noaa.gov,Female,China
815,Randall,Wickes,rwickesmm@va.gov,Male,Vietnam
816,Gennie,Petrescu,gpetrescumn@ted.com,Non-binary,Costa Rica
817,Kipper,Gerrans,kgerransmo@theguardian.com,Male,Republic of the Congo
818,Eveleen,Stoyell,estoyellmp@comsenz.com,Female,Venezuela
819,Marvin,Greenshields,mgreenshieldsmq@51.la,Male,Bangladesh
820,Lurline,Frotton,lfrottonmr@nationalgeographic.com,Female,Venezuela
821,Nicky,Carrel,ncarrelms@com.com,Male,Panama
822,Kyrstin,Bonsey,kbonseymt@homestead.com,Female,Belarus
823,Sibbie,Sherville,sshervillemu@hatena.ne.jp,Female,Israel
824,Jedidiah,Iacabucci,jiacabuccimv@state.gov,Male,China
825,Adams,Rikkard,arikkardmw@toplist.cz,Male,Russia
826,Silvain,Helleker,shellekermx@webeden.co.uk,Male,Japan
827,Elisabeth,McGinty,emcgintymy@yellowpages.com,Female,Russia
828,Bran,Casin,bcasinmz@amazonaws.com,Male,Ivory Coast
829,Corena,Bentje,cbentjen0@seesaa.net,Female,Luxembourg
830,Palm,Niezen,pniezenn1@vistaprint.com,Male,Poland
831,Si,Vasyutochkin,svasyutochkinn2@mtv.com,Male,Indonesia
832,Amble,Wilne,awilnen3@aol.com,Male,Kosovo
833,Sondra,Mowlam,smowlamn4@jugem.jp,Female,Niger
834,Agna,Butterfill,abutterfilln5@vinaora.com,Female,Iran
835,Wren,Dunk,wdunkn6@cdbaby.com,Female,Indonesia
836,Bradford,Gabits,bgabitsn7@dailymail.co.uk,Male,Indonesia
837,Babette,Broe,bbroen8@senate.gov,Female,Yemen
838,Cletis,Roderighi,croderighin9@princeton.edu,Male,Philippines
839,Stephen,Hasard,shasardna@thetimes.co.uk,Male,Brazil
840,Harlen,Whitewood,hwhitewoodnb@accuweather.com,Male,France
841,Federico,Adamski,fadamskinc@mit.edu,Male,Serbia
842,Guillema,Thorrington,gthorringtonnd@hao123.com,Female,Kazakhstan
843,Edin,Olliver,eolliverne@nsw.gov.au,Female,Thailand
844,Darcee,Kolakowski,dkolakowskinf@tiny.cc,Female,Australia
845,Stacey,Kingaby,skingabyng@usgs.gov,Female,Ethiopia
846,Jocelyn,Pomphrett,jpomphrettnh@twitter.com,Female,Philippines
847,Burgess,Tomisch,btomischni@google.es,Genderfluid,Indonesia
848,Heywood,Stainburn,hstainburnnj@blog.com,Male,Canada
849,Maryanna,Mattiuzzi,mmattiuzzink@ezinearticles.com,Female,China
850,Bette-ann,Ballentime,bballentimenl@soundcloud.com,Genderfluid,Malaysia
851,Lorna,Chilver,lchilvernm@deviantart.com,Female,China
852,Dore,Hambleton,dhambletonnn@stanford.edu,Male,Poland
853,Gretchen,Breslau,gbreslauno@devhub.com,Female,Albania
854,Chic,Grishaev,cgrishaevnp@chron.com,Male,Ethiopia
855,Alberto,Becarra,abecarranq@dyndns.org,Male,Portugal
856,Aksel,Plevey,apleveynr@imageshack.us,Male,Sierra Leone
857,Von,Montez,vmontezns@example.com,Male,China
858,Aurthur,By,abynt@freewebs.com,Male,Poland
859,Brianna,Southern,bsouthernnu@constantcontact.com,Female,Saudi Arabia
860,Eddie,Tarbet,etarbetnv@rakuten.co.jp,Male,Japan
861,Dorree,Treker,dtrekernw@usa.gov,Female,Brazil
862,Randie,Kermode,rkermodenx@qq.com,Female,Argentina
863,Rosmunda,Mettricke,rmettrickeny@amazon.co.jp,Female,French Guiana
864,Corney,Fenemore,cfenemorenz@who.int,Male,Brazil
865,Karlan,Maunders,kmaunderso0@51.la,Male,South Korea
866,Tiffie,Jorcke,tjorckeo1@oakley.com,Genderfluid,Thailand
867,Britt,Martinelli,bmartinellio2@constantcontact.com,Male,Brazil
868,Thorndike,Vieyra,tvieyrao3@gmpg.org,Polygender,United States
869,Edy,Agglione,eagglioneo4@discuz.net,Female,Indonesia
870,Dorena,McArthur,dmcarthuro5@xinhuanet.com,Female,Brazil
871,Leann,Boutellier,lboutelliero6@ebay.com,Female,Indonesia
872,Ivar,Iacapucci,iiacapuccio7@mapquest.com,Male,China
873,Leland,Palatini,lpalatinio8@jalbum.net,Male,Myanmar
874,Trix,Vondra,tvondrao9@cnn.com,Female,Indonesia
875,Arnaldo,Fulmen,afulmenoa@skype.com,Male,Kazakhstan
876,Vanna,Ksandra,vksandraob@home.pl,Female,France
877,Leighton,Niche,lnicheoc@nationalgeographic.com,Male,Indonesia
878,Allyson,Schimann,aschimannod@paginegialle.it,Female,Indonesia
879,Otes,Struan,ostruanoe@marriott.com,Male,China
880,Fey,Cortes,fcortesof@qq.com,Female,China
881,Bibbye,Guly,bgulyog@disqus.com,Female,Czech Republic
882,Ashbey,Saunderson,asaundersonoh@bigcartel.com,Male,Armenia
883,Siffre,Merryman,smerrymanoi@blinklist.com,Male,United States
884,Teddy,Pierri,tpierrioj@networkadvertising.org,Female,United States
885,Flossy,Bothram,fbothramok@epa.gov,Female,Indonesia
886,Dee,Stather,dstatherol@ted.com,Female,Brazil
887,Zenia,Sandle,zsandleom@mysql.com,Agender,Mexico
888,Brita,Methley,bmethleyon@hibu.com,Female,Sweden
889,Jada,Godier,jgodieroo@prweb.com,Female,Indonesia
890,Felic,Bramhall,fbramhallop@barnesandnoble.com,Male,Sweden
891,Wayland,Egleton,wegletonoq@lycos.com,Male,Greece
892,Tracey,Gasnoll,tgasnollor@wired.com,Non-binary,China
893,Claudie,Cannell,ccannellos@shutterfly.com,Female,China
894,Tedman,Akaster,takasterot@clickbank.net,Male,China
895,Aldridge,Klulisek,aklulisekou@163.com,Male,China
896,Prinz,Egell,pegellov@usgs.gov,Male,Iceland
897,Consolata,Whittam,cwhittamow@4shared.com,Non-binary,China
898,Babb,Clohisey,bclohiseyox@nationalgeographic.com,Female,Venezuela
899,Cosme,Edghinn,cedghinnoy@bloomberg.com,Male,Russia
900,Jaymie,Edghinn,jedghinnoz@cornell.edu,Male,Czech Republic
901,Tobye,Padberry,tpadberryp0@newsvine.com,Female,China
902,Teodoor,Carine,tcarinep1@flavors.me,Male,Indonesia
903,Ros,Abbett,rabbettp2@delicious.com,Female,Philippines
904,Heida,Woollacott,hwoollacottp3@deviantart.com,Female,Russia
905,Hilly,Soutter,hsoutterp4@blinklist.com,Male,Peru
906,Tammie,Ganning,tganningp5@cam.ac.uk,Female,China
907,Lotte,Russell,lrussellp6@hostgator.com,Female,Indonesia
908,Duke,McCathay,dmccathayp7@globo.com,Male,Japan
909,Benji,Klessmann,bklessmannp8@pcworld.com,Male,Argentina
910,Florance,Ouver,fouverp9@macromedia.com,Female,Albania
911,Gasper,Maud,gmaudpa@cam.ac.uk,Male,Philippines
912,Wilbur,Gilhespy,wgilhespypb@paypal.com,Male,Argentina
913,Chadwick,Domenge,cdomengepc@google.com.br,Male,China
914,Carmon,Winkett,cwinkettpd@fema.gov,Female,Cameroon
915,Yolanthe,Orts,yortspe@wufoo.com,Female,Suriname
916,Lyman,Sutherley,lsutherleypf@printfriendly.com,Male,China
917,Drusilla,Robbey,drobbeypg@pagesperso-orange.fr,Female,Russia
918,Elane,Meiklam,emeiklamph@photobucket.com,Female,Botswana
919,Fernando,Barton,fbartonpi@webeden.co.uk,Male,Mongolia
920,Valentine,Archbald,varchbaldpj@yelp.com,Female,China
921,Esteban,Bosma,ebosmapk@reverbnation.com,Male,China
922,Kellsie,Thebeau,kthebeaupl@gizmodo.com,Female,Indonesia
923,Lindsay,Pennone,lpennonepm@dailymail.co.uk,Male,China
924,Carolynn,Rapps,crappspn@last.fm,Female,Japan
925,Riva,Labram,rlabrampo@mozilla.org,Non-binary,Russia
926,Louis,Poncet,lponcetpp@pagesperso-orange.fr,Male,China
927,Carter,Howsego,chowsegopq@cargocollective.com,Male,China
928,Harri,Judd,hjuddpr@deliciousdays.com,Female,Philippines
929,Kathi,Wankling,kwanklingps@dot.gov,Female,Indonesia
930,Hephzibah,Angear,hangearpt@ezinearticles.com,Female,Norway
931,Hardy,Goldsmith,hgoldsmithpu@twitpic.com,Male,Oman
932,Faulkner,Story,fstorypv@nifty.com,Male,Indonesia
933,Goldy,Farlambe,gfarlambepw@springer.com,Agender,Philippines
934,Danna,Battyll,dbattyllpx@friendfeed.com,Female,Sweden
935,Juliane,Rochford,jrochfordpy@163.com,Female,Portugal
936,Spenser,Shotbolt,sshotboltpz@google.com.au,Male,Canada
937,Dania,Funnell,dfunnellq0@sohu.com,Female,Brunei
938,Dedie,Clineck,dclineckq1@storify.com,Female,China
939,Arv,Adamoli,aadamoliq2@xinhuanet.com,Male,China
940,Darius,Glanvill,dglanvillq3@youku.com,Male,China
941,Austin,Bruck,abruckq4@yahoo.co.jp,Female,Nigeria
942,Garret,Everix,geverixq5@freewebs.com,Male,Croatia
943,Karie,Hriinchenko,khriinchenkoq6@fema.gov,Genderfluid,Poland
944,Vincenz,Chazier,vchazierq7@about.com,Male,China
945,Cheslie,Sarjant,csarjantq8@youtu.be,Female,Estonia
946,Jilleen,Ordidge,jordidgeq9@huffingtonpost.com,Bigender,Burkina Faso
947,Lefty,Brankley,lbrankleyqa@eepurl.com,Male,South Africa
948,Maury,Vaughan-Hughes,mvaughanhughesqb@digg.com,Male,New Caledonia
949,Lib,Larchiere,llarchiereqc@usda.gov,Female,Czech Republic
950,Otto,Boarer,oboarerqd@nationalgeographic.com,Male,China
951,Hazel,Beneze,hbenezeqe@sogou.com,Male,Brazil
952,Winn,Stringfellow,wstringfellowqf@ftc.gov,Male,Peru
953,Uriel,Ridwood,uridwoodqg@indiatimes.com,Male,Nicaragua
954,Tamarra,Daspar,tdasparqh@miibeian.gov.cn,Agender,France
955,Glendon,Mackiewicz,gmackiewiczqi@ovh.net,Male,Netherlands
956,Moll,Caird,mcairdqj@booking.com,Female,Indonesia
957,Dosi,McCarron,dmccarronqk@nbcnews.com,Female,Libya
958,Pauly,Breewood,pbreewoodql@spiegel.de,Female,Mongolia
959,Clemence,Feaks,cfeaksqm@sphinn.com,Female,Kazakhstan
960,Bryce,Kinnier,bkinnierqn@earthlink.net,Male,Australia
961,Kerr,Vickerstaff,kvickerstaffqo@twitpic.com,Male,Tajikistan
962,Augusta,Gonnely,agonnelyqp@un.org,Female,Vietnam
963,Cissiee,Calloway,ccallowayqq@people.com.cn,Female,Sweden
964,Roldan,Strettell,rstrettellqr@squarespace.com,Male,China
965,North,Van Velden,nvanveldenqs@hugedomains.com,Male,China
966,Myrvyn,McAdam,mmcadamqt@shareasale.com,Male,Nigeria
967,Wendye,Andreaccio,wandreaccioqu@sakura.ne.jp,Female,Philippines
968,Rasia,Vaz,rvazqv@bbc.co.uk,Female,Indonesia
969,Jobyna,Ace,jaceqw@tiny.cc,Female,Haiti
970,Forest,Pratten,fprattenqx@latimes.com,Agender,Poland
971,Margarita,Fortnam,mfortnamqy@mysql.com,Female,Vietnam
972,Sawyer,Lodo,slodoqz@oracle.com,Male,Greece
973,Kaela,Bazell,kbazellr0@adobe.com,Female,Iran
974,Anastasia,Addionizio,aaddionizior1@de.vu,Female,United States
975,Frederik,Winspar,fwinsparr2@a8.net,Genderqueer,China
976,Tadd,Leet,tleetr3@ucsd.edu,Male,Dominican Republic
977,Padgett,Camamile,pcamamiler4@auda.org.au,Male,Argentina
978,Case,Evens,cevensr5@hugedomains.com,Male,Ukraine
979,See,Dinsmore,sdinsmorer6@altervista.org,Male,Sri Lanka
980,Adrien,Bullivant,abullivantr7@usa.gov,Male,Philippines
981,Vickie,Cromie,vcromier8@go.com,Female,China
982,Ellary,Widdows,ewiddowsr9@fastcompany.com,Male,Brazil
983,Sigismond,Sotheron,ssotheronra@dyndns.org,Male,Russia
984,Meghann,Trundell,mtrundellrb@list-manage.com,Female,Honduras
985,Kendall,Mansel,kmanselrc@timesonline.co.uk,Male,Philippines
986,Brandea,Michallat,bmichallatrd@amazon.co.uk,Female,China
987,Fraser,Povey,fpoveyre@smugmug.com,Male,South Africa
988,Heywood,Goney,hgoneyrf@4shared.com,Male,Argentina
989,Maegan,Juggins,mjugginsrg@ox.ac.uk,Female,Lebanon
990,Adler,Illingworth,aillingworthrh@rakuten.co.jp,Male,Nicaragua
991,Samuel,Eadmeads,seadmeadsri@last.fm,Male,United States
992,Abey,Oliva,aolivarj@usda.gov,Male,Guatemala
993,Al,Cardall,acardallrk@bbc.co.uk,Male,Democratic Republic of the Congo
994,Kissee,Laphorn,klaphornrl@yale.edu,Female,Indonesia
995,Tommi,Putterill,tputterillrm@ow.ly,Female,United States
996,Eugenio,Pattrick,epattrickrn@ucoz.com,Male,Syria
997,Gordan,Sparry,gsparryro@seesaa.net,Male,Brazil
998,Glenn,Pepin,gpepinrp@zimbio.com,Female,China
999,Gaby,Bruniges,gbrunigesrq@wordpress.com,Female,Poland
1000,Gregoire,Poxton,gpoxtonrr@smugmug.com,Male,Indonesia
